id_str;lang;retweet_count;retweeted;text;day;month;year;hashtags;user_mentions;user_name;user_location;user_followers_count;user_friends_count;tweet_coordinates;valeur_dico
1090161801994690560;fr;1;True;"R√©sumons #TransitionEnerg√©tique

France üá´üá∑ : en 2035, 44 r√©acteurs nucl√©aires en fonctionnement (49 ans de moyenne‚Ä¶ https://t.co/cx0746KE9X";29;1;2019;['TransitionEnerg√©tique'];[];Maxime Combes;Par ici ou par l√†;21089;168;None;[]
1090161577540562944;en;0;True;Very promising project, taking into consideration the universal growth of kryptonyte and a growing number of compan‚Ä¶ https://t.co/nXnyOFF805;29;1;2019;[];[];Dominic Joel;;696;795;None;[]
1090161539003367425;tr;0;True;Fotoƒürafƒ± bizzat √ßektim. Deƒüi≈üen bir ≈üey yok. Tam 71 yƒ±l sonra binalarƒ±n b√ºy√ºk √ßoƒüunluƒüu ayakta. #nottinghill #1948‚Ä¶ https://t.co/apj2PElNTt;29;1;2019;['nottinghill'];[];Zafer TAHMAZ;Beyoƒülu;4318;968;(51.5096, -0.2043);[]
1090161419885121536;en;0;True;[APPLY NOW] Only 3 days left to apply for an #internship with our Global Climate Action team in Germany!‚Ä¶ https://t.co/SlBdjKtFfd;29;1;2019;['internship'];[];Momentum for Change;UNFCCC secretariat;17731;1395;None;['climat']
1090161226028642304;en;0;True;Can glass help us mitigate climate change? Glass alone can't, but when used in combination with ice... ü§î‚Ä¶ https://t.co/UzGmUubnsb;29;1;2019;[];[];The Sustainable Guy;;237;237;None;['climat']
1090161135263903744;fr;0;True;"Climate change rally Bruxelles
#ClimateStrike #ClimateChange #Bruxelles #notimetowaste #noplanetb https://t.co/0Wevage17B";29;1;2019;['ClimateStrike', 'ClimateChange', 'Bruxelles', 'notimetowaste', 'noplanetb'];[];1by1000;;4;27;None;['climatechange', 'climat']
1090161132361285632;ro;1;True;Extreme weather erodes sacred MƒÅori burial grounds #climatechange #nzpol https://t.co/F4ZpaFeVTh;29;1;2019;['climatechange', 'nzpol'];[];Bronwyn Hayward;;4867;798;None;['climatechange', 'climat']
1090161082826702848;und;0;True;https://t.co/Y24nrLpD9S;29;1;2019;[];[];Virginie En√©e;;1143;1672;None;[]
1090161051688153089;en;0;True;The extreme impacts of #climatechange are likely to increase violence and exacerbate ongoing armed conflicts.‚Ä¶ https://t.co/c6OfNaDbw1;29;1;2019;['climatechange'];[];@OIPMA - IOLDCs;Chemin de Balexert 9    1219 Ch√¢telaine, Geneva;5;71;None;['climatechange', 'climat']
1090160899065667584;en;0;True;This might be the best description of #climatechange I've ever seen on twitter. And it came from an actress on one‚Ä¶ https://t.co/db1Ub9RFEB;29;1;2019;['climatechange'];[];Court;British Columbia, Canada;624;2296;None;['climatechange', 'climat']
1090160878295674880;en;0;True;"Quote 

""Treat your guarantors well or indeed anyone who lends you money. He who loses money, loses much; He who lo‚Ä¶ https://t.co/PQEKxc7FJg";29;1;2019;[];[];The Online Sacco;Kenya;57;27;None;[]
1090160860205641728;fr;0;True;Temp√™te Gabriel : 41 d√©partements en vigilance orange pour vents violents, neige-verglas dont le Cher ‚Üí‚Ä¶ https://t.co/wOCv8UryVP;29;1;2019;[];[];France Bleu Berry;Ch√¢teauroux, Indre;3626;316;None;[]
1090160713530773505;en;0;True;"Why Are You Throwing Your Waste into the Environment? 
https://t.co/x2Pl1dupT1
#climatechange #climateaction";29;1;2019;['climatechange', 'climateaction'];[];LeadingWithPassion‚Ñ¢;Globally l Online l Earth;51012;50160;None;['climatechange', 'climat']
1090160710544510976;fr;0;True;Moins de vitesse = moins de #CO2. Dans un contexte post #peakoil et de #climat d√©traqu√©, c'est pas une mauvaise cho‚Ä¶ https://t.co/CBJ9NTfLeA;29;1;2019;['CO2', 'peakoil', 'climat'];[];‚ìà‚ì§‚ìü‚ìî‚ì° ‚ìÖ‚ìò‚ìî‚ì£‚ìû‚ìù #ExtinctionRebellion;;514;925;None;['climat']
1090160671508054016;en;0;True;"Why Climate Change Increases Population Displacements: https://t.co/rX7FvY5a69
#climatechange #climateaction https://t.co/2V2WtTcJ85";29;1;2019;['climatechange', 'climateaction'];[];GlobalClimateChange‚Ñ¢;Globally l Planet Earth;54759;53871;None;['climatechange', 'climat']
1090160449902034945;en;0;True;"Why Climate Change Causes More Deaths: https://t.co/lkoYAiYPHy
#climatechange #climateaction https://t.co/3yQBTW6fV0";29;1;2019;['climatechange', 'climateaction'];[];Anne-Maria Yritys;Finland|Europe|Earth|Online;459968;249142;None;['climatechange', 'climat']
1090160162403422208;en;0;True;".@GretaThunberg ""is rapidly becoming the voice for a generation who are demanding urgent action to slow the rise in‚Ä¶ https://t.co/XJ0wibbUw7";29;1;2019;[];['GretaThunberg'];Giulio Bonazzi;Italy;1143;923;None;[]
1090160128404398080;en;0;True;Dirty CIA front: The National Endowment for Democracy (NED) in Venezuela -- https://t.co/AvYFOpEbIN‚Ä¶ https://t.co/RmLpM1pF4Q;29;1;2019;[];[];pepsee45;Earth;1806;1588;None;[]
1090160113753694208;en;0;True;"How integrated monitoring and
evaluation systems can help
countries address climate impacts
#MEL #Climatechange‚Ä¶ https://t.co/vXDWcSkMtm";29;1;2019;['MEL', 'Climatechange'];[];Magate Wildhorse;Toronto, Canada;416;2343;None;['climatechange', 'climat']
1090160099719634950;en;0;True;"Investors should fire directors who fail to act on climate change via @FT
Disruption &amp; complexity comes from many s‚Ä¶ https://t.co/TXANpGuIq7";29;1;2019;[];['FT'];Fidelio Partners;London;635;990;None;['climat']
1090160057193443328;en;0;True;While I think of it, the @NZScienceLearn Learning Hub make great resources for teachers. Like their #ClimateChange‚Ä¶ https://t.co/ZC9C5lQvYS;29;1;2019;['ClimateChange'];['NZScienceLearn'];James Renwick;Kapiti Coast, New Zealand;2076;1090;None;['climatechange', 'climat']
1090160041037127681;fr;4;True;#climat La transition √©nerg√©tique, concept impayable, fait des ravages en Australie. https://t.co/bDUQpQVRDD;29;1;2019;['climat'];[];Paul Maxit;;1040;66;None;['climat']
1090159887189975040;fr;0;True;Les perspectives du #BigData en #agriculture sont immenses https://t.co/LpE6wJWEcS #agritech;29;1;2019;['BigData', 'agriculture', 'agritech'];[];HOW;Paris, France;2760;905;None;[]
1090159877127843840;fr;1;True;Trump a 72 ans et n‚Äôa toujours pas compris la diff√©rence entre M√©t√©o et Climat . #d√©sesp√©rant https://t.co/jnFLNudIIz;29;1;2019;['d√©sesp√©rant'];[];Dom Blanchard ‚ôªÔ∏è;Paris XIVe;4697;801;None;['climat']
1090159875265626114;fr;0;True;¬´ Le mouvement environnementaliste radical ¬´ Extinction Rebellion ¬ª se lance aux √âtats-Unis. Il s‚Äôest fait remarque‚Ä¶ https://t.co/X3bLtVq6AL;29;1;2019;[];[];Mathieu Ch√©rioux;Buenos Aires;161;1324;None;[]
1090159865488494592;en;1;True;Thousands of grey-headed flying-foxes dying so horrifically at the southernmost point of their range is extremely d‚Ä¶ https://t.co/yaL8WVwGuS;29;1;2019;[];[];Evan Quartermain;Sydney, New South Wales;660;774;None;[]
1090159857884450816;fr;0;True;Le co√ªt de l‚Äôinaction au niveau du #climat sera plus √©lev√© que le co√ªt d‚Äôune action n√©cessaire, indispensable MAINT‚Ä¶ https://t.co/Ktgfo7pz92;29;1;2019;['climat'];[];R√©gine Florent;;205;189;None;['climat']
1090159789697462272;ja;0;True;10yearschallenge „Åã„Å£„Å¶ÊÄù„Å£„Å¶10Âπ¥Ââç„ÅÆÂÜôÁúü„ÅÇ„Çã„Åã„Å™Ôºü„Å£„Å¶ÊÄù„Å£„Åü„Åë„Å©„ÄÅÊàê‰∫∫Âºè„ÅÆË®òÂøµÂÜôÁúü‰ª•Êù•„Éî„É≥„ÅßÂÜôÁúü„Å®„Å£„Åü„Åì„Å®„Å™„ÅÑ„ÇèÔΩûÔºÅ;29;1;2019;[];[];Ôºä‚ô•Ô∏è*:‚ô•Ô∏è* „ÉªARI „Éª*‚ô•Ô∏è:*‚ô•Ô∏èÔºä;Tokyo & 305;1706;641;None;['10yearschallenge']
1090159691953594369;en;0;True;The first IFGR newsletter for 2019 has been published. Learn more and share news about our #rivers! Thank you for f‚Ä¶ https://t.co/LL9wRRgObQ;29;1;2019;['rivers'];[];Avenir Fleuves;Lyon, Rh√¥ne-Alpes;516;890;None;[]
1090159685121044480;fr;0;True;"Belle infographie &amp; belle ambition : massifier la r√©novat¬∞ performante des logements. Pour le confort (T¬∞C ressenti‚Ä¶ https://t.co/f2JXT1mJ47";29;1;2019;[];[];Aur√©lien Alfar√©;Is√®re, Rh√¥ne-Alpes, France;115;167;None;[]
1090159606259699712;de;0;True;Auf die n√§chsten 10 Jahre! üöÄ #10yearschallenge #pimcore https://t.co/1gcbyr3DMD;29;1;2019;['10yearschallenge', 'pimcore'];[];Blackbit digital Commerce GmbH;37079 G√∂ttingen, Deutschland;590;520;None;['10yearschallenge']
1090159428614144000;en;0;True;This puts things in perspective #climatechange https://t.co/9DGsaXVfEL https://t.co/0G7TF1xLX0;29;1;2019;['climatechange'];[];Clive Wilson;Harrogate UK;767;526;None;['climatechange', 'climat']
1090159350751154181;en;0;True;I just lasted 7 years on Ecorun! Play the game and learn more about the Brussels Climate Plan!‚Ä¶ https://t.co/DzbgljXh6I;29;1;2019;[];[];Bolle Michael;;0;1;None;['climat']
1090159310771023873;en;1;True;We need this in Ghana...! #NoPlanetB  #FridaysforFuture  #ClimateChange  #EnvironmentalRights  #ClimateJustice  https://t.co/L3KXafssB9;29;1;2019;['NoPlanetB', 'FridaysforFuture', 'ClimateChange', 'EnvironmentalRights', 'ClimateJustice'];[];Friends of the Earth-Ghana;Accra, Ghana;121;221;None;['climatechange', 'climat']
1090159220757008385;en;1;True;No not one Climate Change prediction has come to pass! #ClimateChange  https://t.co/HXmhZptUMo;29;1;2019;['ClimateChange'];[];Gwen;;7208;7130;None;['climatechange', 'climat']
1090159172606255109;en;0;True;"1mm of rain for the month of January!

#wetseason
#SunshineCoast 
#ClimateChange 

It's not normal";29;1;2019;['wetseason', 'SunshineCoast', 'ClimateChange'];[];christine ellison;Nambour, Queensland;937;1406;None;['climatechange', 'climat']
1090159110945943552;fr;6;True;#climat Catastrophique transition √©nerg√©tique en Australie, o√π 200000 foyers ont subit un black-out √† cause d'une b‚Ä¶ https://t.co/Z8CVzhANBw;29;1;2019;['climat'];[];Paul Maxit;;1040;66;None;['climat']
1090158973058252800;und;0;True;#climatechange #GlobalWarming   https://t.co/gp6ShQKXo4;29;1;2019;['climatechange', 'GlobalWarming'];[];Abdul Azeem Khan;Lahore, Pakistan;438;232;None;['climatechange', 'climat']
1090158971640528896;en;0;True;Why the Social Impact Sector Needs a ‚ÄòBizarro Davos‚Äô: A Modest Proposal That Nobody Will Like. Read more‚Ä¶ https://t.co/eLQJk8v4iY;29;1;2019;[];[];Aavishkaar;Mumbai;1509;163;None;[]
1090158903487225858;en;1;True;My home State of #Tasmania is on fire - unlike other #Australian forests, these are have not evolved for fire. Rain‚Ä¶ https://t.co/Jj0ASqysNU;29;1;2019;['Tasmania', 'Australian'];[];Ben;Melbourne;787;1846;None;[]
1090158890921181184;en;0;True;"How do buildings contribute to or affect climate change? 

https://t.co/UbEZ2OrLje

#actonclimate # #buildings‚Ä¶ https://t.co/1XZURWjpOW";29;1;2019;['actonclimate', 'buildings'];[];greensutra;Mumbai, India;28;41;None;['climat']
1090158890237480960;es;0;True;#10yearsChallenge Extremadura Unida desde 1980 defendiendo esta regi√≥n. https://t.co/3oJs7rm7PL;29;1;2019;['10yearsChallenge'];[];J. Extremadura Unida;c/Jose Luis Cotallo 3, C√°ceres;243;738;None;['10yearschallenge']
1090158869848969216;en;0;True;"#Infographic: ""If #forests are seen solely as #carbon vehicles, this might be good for #climatechange, but it's act‚Ä¶ https://t.co/dsqbPqxAvs";29;1;2019;['Infographic', 'forests', 'carbon', 'climatechange'];[];Global Landscapes Forum (GLF);Bonn, Germany;25820;3143;None;['climatechange', 'climat']
1090158869115011072;fr;0;True;Sous-alimentation, climat, ob√©sit√©: m√™me combat https://t.co/HJfV7P6xHh via @tdgch;29;1;2019;[];['tdgch'];Catherine De Backer;;103;493;None;['climat']
1090158724050796544;fr;0;True;"""Lorsque nous faisons de l'action pour le climat un mouvement populaire, nous verrons un changement d√©finitif. Bon‚Ä¶ https://t.co/gwbKceEg9d";29;1;2019;[];[];ONU Environnement;Nairobi, Kenya;20203;1478;None;['climat']
1090158678530015233;fr;0;True;#Climat:  Pourquoi la #Chine se pose en champion de la lutte contre le #r√©chauffement climatique  https://t.co/ZPAd4Xe0VZ via @votrenergie;29;1;2019;['Climat', 'Chine', 'r√©chauffement'];['Votrenergie'];Votre Energie;;4820;5246;None;['climat']
1090158661144625153;en;0;True;For those who still accept the anthropogenic global warming myth. #GlobalWarming #climatechange https://t.co/ScVuwyAkie;29;1;2019;['GlobalWarming', 'climatechange'];[];InThisTogether;England;3343;85;None;['climatechange', 'climat']
1090158480080670722;nl;1;True;Misschien een interessante gedachte voor de academische wereld: meer online conferenties, om zo CO2-uitstoot te bep‚Ä¶ https://t.co/MubUXjJgO5;29;1;2019;[];[];C. Annemieke Romein;Rotterdam - the Netherlands;353;487;None;[]
1090158478046449664;en;1;True;The End Of #Plastic Cutlery, Plates And Straws: EU Market Says Goodbye To #SingleUsePlastic Products via @forbes‚Ä¶ https://t.co/Obej5dZRf0;29;1;2019;['Plastic', 'SingleUsePlastic'];['Forbes'];Recycling Skills;Development Ideas Welcome;1833;4973;None;[]
1090158462703685639;en;0;True;My daily news compilation on #climatechange #foodsecurity #globaldev, featuring this story and more ... https://t.co/MkWuvkVTMb;29;1;2019;['climatechange', 'foodsecurity', 'globaldev'];[];Pascal Corb√©;Germany;208;307;None;['climatechange', 'climat']
1090158407133343744;es;0;True;Las mujeres turcas 'trolean' el #10yearschallenge https://t.co/O6AxqNVMhk;29;1;2019;['10yearschallenge'];[];Noticias en Espa√±ol;Espa√±a y Am√©rica;232;7;None;['10yearschallenge']
1090158322035163136;fr;0;True;La premi√®re newsletter @IAGF_IFGR 2019 est parue. Nous vous donnons encore RDV tout au long de l'ann√©e pour suivre‚Ä¶ https://t.co/SD7A9oXJTJ;29;1;2019;[];['IAGF_IFGR'];Avenir Fleuves;Lyon, Rh√¥ne-Alpes;516;890;None;[]
1090158285733355520;en;1;True;We generate more electricity from #renewableenergy than ever before. But why are emissions still rising?‚Ä¶ https://t.co/tZNOKDovsl;29;1;2019;['renewableenergy'];[];Jan Bauer;Erlangen, Deutschland;59;34;None;[]
1090158158885064705;en;0;True;"""#Climatechange is altering the equation &amp; leading to hotter conditions and increasing the odds of more destructive‚Ä¶ https://t.co/tZP4E6eDsa";29;1;2019;['Climatechange'];[];Dr. Melanie Bergmann;;798;659;None;['climatechange', 'climat']
1090158129231343616;fr;0;True;Belgique. Mobilisation record pour le climat - Courrier International https://t.co/pjo1SnhcvT;29;1;2019;[];[];Belgique Info;Bruxelles - Brussels;6647;136;None;['climat']
1090158127582986240;und;0;True;#ClimateChange https://t.co/amHzc3hyJl;29;1;2019;['ClimateChange'];[];Alessandra Colfi;North County San Diego, CA;929;2141;None;['climatechange', 'climat']
1090158087921680386;fr;0;True;Marche pour le climat : Ecolo souhaite que les revendications des citoyens se transforment en d√©cisions fortes https://t.co/AKyNLb9SsV;29;1;2019;[];[];Belgique Info;Bruxelles - Brussels;6647;136;None;['climat']
1090158056552448004;en;1;True;This IS #ClimateChange. https://t.co/0s5HeQ37wb;29;1;2019;['ClimateChange'];[];C-Smart Solutions;Boulder, CO;2487;4999;None;['climatechange', 'climat']
1090158033643233280;fr;0;True;100% InfosNews: Temp√™te Gabriel en Dordogne : des rafales de vent √† 110 km/h sont attendues https://t.co/2qrpE2FPhu;29;1;2019;[];[];INFOSNEWS;Paris, France;63;3;None;[]
1090158023618777088;fr;0;True;100% InfosNews: PHOTOS - Paysages de carte postale √† La Coquille, recouverte par la neige https://t.co/xAEM6MytKh;29;1;2019;[];[];INFOSNEWS;Paris, France;63;3;None;[]
1090158009651814400;fr;0;True;100% InfosNews: Dordogne : une cinquantaine de manifestants marchent pour le climat √† P√©rigueux https://t.co/MYiLC8SRtF;29;1;2019;[];[];INFOSNEWS;Paris, France;63;3;None;['climat']
1090157961782198272;fr;0;True;"üßêTrucs et Astuces du mardi matin : C'est quoi le ""batch cooking"" ? https://t.co/zpIedA7FHK @brutofficiel  #RSE #Ilestencoretemps #Climat";29;1;2019;['RSE', 'Ilestencoretemps', 'Climat'];['brutofficiel'];Toovalu;Nantes;258;131;None;['climat']
1090157864059109377;fr;0;True;"¬´Nous ne d√©fendons pas la nature, nous sommes la nature qui se d√©fend !¬ª
https://t.co/6l1dbdWhgF";29;1;2019;[];[];jefffüè¥‚Äç‚ò†Ô∏è;L√†, o√π Je suis;1112;1355;None;[]
1090157788981063680;en;0;True;What do you think Charles Darwin would say about climate change and its impacts on flora and fauna?‚Ä¶ https://t.co/QH8G1WOP3V;29;1;2019;[];[];GlobalClimateChange‚Ñ¢;Globally l Planet Earth;54759;53871;None;['climat']
1090157787689205760;es;0;True;El #10YearsChallenge de algunas de las Webs que m√°s visitas https://t.co/5QUKwIwUW9 por @PilarTerron v√≠a @creatividadblan #Internet;29;1;2019;['10YearsChallenge', 'Internet'];['PilarTerron', 'creatividadblan'];klimway;Sevilla, Espa√±a;721;355;None;['10yearschallenge']
1090157680365191168;en;0;True;Good suggestion is to have secondary market for trading Bluenote Tokens, this will give a new option for experts to‚Ä¶ https://t.co/wa1QJxB5dW;29;1;2019;[];[];Simpson John;;787;502;None;[]
1090157676028297216;en;0;True;Fake trees could help us fight #ClimateChange https://t.co/nF4AXJp285 via @PopSci;29;1;2019;['ClimateChange'];['PopSci'];Macedonian Honey;Macedonia;1136;1890;None;['climatechange', 'climat']
1090157661511921664;fr;2;True;Coalition Climat et Climate Express enfin les invit√©s chez le Premier Ministre Charles Michel!¬†üôãüèæ‚Äç‚ôÄÔ∏èüôãüèº‚Äç‚ôÇÔ∏è¬†Depuis‚Ä¶ https://t.co/MrBQjQhHSV;29;1;2019;[];[];Climate Express;Belgium;2660;1383;None;['climat']
1090157655530852352;en;0;True;"#ClimateChange Is Biggest Threat To Global Economy, Says Guterres

Speaking to leaders at the 2019 World Economic F‚Ä¶ https://t.co/G49wrIeXwp";29;1;2019;['ClimateChange'];[];ICCDI AFRICA;Africa;13520;11646;None;['climatechange', 'climat']
1090157632516775937;fr;3;True;. @ClimateCoaliti1 et @Climate_Express enfin les invit√©s chez le Premier Ministre @CharlesMichel. Depuis‚Ä¶ https://t.co/dliGG4ISct;29;1;2019;[];['ClimateCoaliti1', 'Climate_Express', 'CharlesMichel'];Climate Coalition BE;Bruxelles, Belgique;399;468;None;['climat']
1090157631539478528;fr;0;True;"#Climat: ""La ¬´ Gr√®ve du Climat - Suisse ¬ª a rencontr√© un succ√®s impressionnant avec plus de 22 000 jeunes mobilis√©¬∑‚Ä¶ https://t.co/bLz8OVEWdp";29;1;2019;['Climat'];[];solidarit√©S Vaud;Lausanne;934;846;None;['climat']
1090157599385882625;it;0;True;"Il #climatechange √® un problema reale ma tutti noi tendiamo a rimuoverlo. Un interessante articolo di @IlBoLive
spi‚Ä¶ https://t.co/z88hFY7UDF";29;1;2019;['climatechange'];['IlBoLive'];Aldo Agostinelli;Milan;4111;1016;None;['climatechange', 'climat']
1090157575369297921;it;3;True;#Wearables: dispositivi indossabili che monitorano i parametri vitali e consentono la condivisione dei dati a dista‚Ä¶ https://t.co/Q3mT1dBzXi;29;1;2019;['Wearables'];[];Assobiomedica;;2779;1621;None;[]
1090157563402829824;en;1;True;"Hi from #Australia
.
I #followback 
.
#follow me for #sustainability #recycling #climate #globalwarming‚Ä¶ https://t.co/65mx7skDb9";29;1;2019;['Australia', 'followback', 'follow', 'sustainability', 'recycling', 'climate', 'globalwarming'];[];Super Koala;Melbourne Australia ;8701;9153;None;['climat']
1090157545707188224;pt;0;True;Como em 2009 a gente tinha Lula e Barack Obama como presidentes e em 2019 temos Trump e Bolsococo no poder?esse 10y‚Ä¶ https://t.co/4YKz1u0rRk;29;1;2019;[];[];letsbeca;Nordestina;298;215;None;[]
1090157533791248384;fr;0;True;"Lancement du #Centre #africain pour le #climat et le #d√©veloppement #durable
#Afrique #Italie @FAO @pnudfr‚Ä¶ https://t.co/JWNI3PqTVZ";29;1;2019;['Centre', 'africain', 'climat', 'd√©veloppement', 'durable', 'Afrique', 'Italie'];['FAO', 'pnudfr'];CommodAfrica;Paris, France;1519;862;None;['climat']
1090157307554615296;en;0;True;Listening to our planet. VHP service #climatechange;29;1;2019;['climatechange'];[];Van Hoeyveld Marc;Lubbeek;69;150;None;['climatechange', 'climat']
1090157276327927808;en;0;True;He Says You‚Äôre A:  'Staggering Moron': ‚Å¶@realDonaldTrump‚Å© Ahh Yes, What He Says. Slammed For #ClimateChange Tweet.  https://t.co/IfbwvMu8c6;29;1;2019;['ClimateChange'];['realDonaldTrump'];Love MyBlackGayChild;;280;461;None;['climatechange', 'climat']
1090157249534849024;en;0;True;We must remember that #ClimateChange is real and that we must take #ClimateAction now to save Pakistan and the worl‚Ä¶ https://t.co/PqrCbrj5jN;29;1;2019;['ClimateChange', 'ClimateAction'];[];Waseela Tweets;Lahore, Pakistan;938;614;None;['climatechange', 'climat']
1090157245806067714;en;0;True;#NoDealBrexit looks remarkably like 2016 #Brexit like 2009 #ClimateChange like 2002 #noEuro like 1999 #Y2K https://t.co/F4qzaxuH4P;29;1;2019;['NoDealBrexit', 'Brexit', 'ClimateChange', 'noEuro', 'Y2K'];[];Maurizio Morabito;London, UK;2584;4384;None;['climatechange', 'climat']
1090157227531415552;und;0;True;#ClimateChange https://t.co/qZy21kvskK;29;1;2019;['ClimateChange'];[];Joanna Mendelssohn;Sydney, Australia;1388;1390;None;['climatechange', 'climat']
1090157196380274688;te;0;True;"‡∞Ö‡∞™‡±ç‡∞™‡±Å‡∞°‡±Å, ‡∞ï‡∞æ‡∞≤‡±á‡∞ú‡±Ä ‡∞ó‡±á‡∞Æ‡±ç‡∞∏‡±ç ‡∞≤‡±ã ‡∞ï‡∞™‡±ç‡∞™‡±Å‡∞≤ ‡∞ï‡±ã‡∞∏‡∞Ç ‡∞í‡∞≥‡±ç‡∞≥‡±Å ‡∞Ö‡∞≤‡∞∏‡∞ø‡∞Ç‡∞¶‡∞ø.

‡∞á‡∞™‡±ç‡∞™‡±Å‡∞°‡±Å, ‡∞ï‡∞Ç‡∞™‡±ç‡∞Ø‡±Ç‡∞ü‡∞∞‡±ç ‡∞ó‡±á‡∞Æ‡±ç‡∞∏‡±ç ‡∞ï‡±ã‡∞∏‡∞Ç ‡∞ï‡∞™‡±ç‡∞™‡±Å‡∞≤‡±Å ‡∞§‡∞æ‡∞ó‡∞ø ‡∞í‡∞≥‡±ç‡∞≥‡±Å ‡∞¨‡∞≤‡∞ø‡∞∏‡∞ø‡∞Ç‡∞¶‡∞ø.‚Ä¶ https://t.co/zYcBPa7P1B";29;1;2019;[];[];‡∞Æ‡∞π‡∞æ‡∞Ö‡∞®‡∞Ç‡∞§‡∞æ‡∞®‡∞Ç‡∞§‡∞Æ‡∞π‡∞æ‡∞µ‡∞ø‡∞∂‡±ç‡∞µ‡∞æ‡∞Ç‡∞§‡∞∞‡∞ó‡±ç‡∞∞‡∞π‡∞æ‡∞Ç‡∞§‡∞∞‡∞¨‡∞π‡±Å‡∞∏‡±Å‡∞¶‡±Ç‡∞∞‡∞Æ‡±Ç‡∞ó‡∞∏‡±à‡∞ó‡∞≤‡∞µ‡∞æ‡∞£‡∞ø;New York, USA;321;11;None;[]
1090157189984120832;ru;0;True;(#10yearschallenge: —Å–æ—Ü—Å–µ—Ç–∏ –Ω–∞–∂–∏–≤–∞—é—Ç—Å—è –Ω–∞ –≤–∞—à–µ–π –Ω–æ—Å—Ç–∞–ª—å–≥–∏–∏ –∏ –∂–µ–ª–∞–Ω–∏–∏ –ø–æ—Ö–≤–∞—Å—Ç–∞—Ç—å—Å—è) - https://t.co/cc3k2cYZZe https://t.co/jTaVKJza3l;29;1;2019;['10yearschallenge'];[];–í–µ—Å—Ç–Ω–∏–∫ —à–∞—Ö—Ç–µ—Ä–∞;;9;1;None;['10yearschallenge']
1090157093141794816;en;0;True;No - you're not less informed in Ireland - there's just a lot of mis-information all over the place.........Town Co‚Ä¶ https://t.co/j5Py7FWyyb;29;1;2019;[];[];Robin Curtis #MVM;;1489;851;None;[]
1090157035738542080;fr;2;True;"Esprit de VELOX : un navire laboratoire r√©volutionnaire 

#√©nergie #climat #oc√©ans #sciences 

Cc @EspritdeVELOX‚Ä¶ https://t.co/ByVFi6nsd3";29;1;2019;['√©nergie', 'climat', 'oc√©ans', 'sciences'];['EspritdeVELOX'];Monde de L'√ânergie;;7030;789;None;['climat']
1090157005484916736;en;3;True;#inequality rich are getting richer #TheDrum wealth is a fantasy ‚Äúwealth‚Äù is stealing the future from our children.‚Ä¶ https://t.co/pFG1LyBMEf;29;1;2019;['inequality', 'TheDrum'];[];John Pratt;Cairns, Queensland;33174;34033;None;[]
1090156953995595776;und;0;True;https://t.co/BVaYQ5KNnZ #climatechange;29;1;2019;['climatechange'];[];Catherine;Australia;534;598;None;['climatechange', 'climat']
1090156943115800576;en;0;True;"Do you know the #brunticeshelf ?
I bet you did not.

It may be soon as known as Fukushima.
#climatechange 

https://t.co/wwIPO3Yogo";29;1;2019;['brunticeshelf', 'climatechange'];[];Mihku Ilm√°ra Mika (Mika Laiti);Finland;318;344;None;['climatechange', 'climat']
1090156799070658560;en;0;True;'The world is going to end in 12 years if we don't address climate change,' Ocasio-Cortez says‚Ä¶ https://t.co/ADhYe6m0kq;29;1;2019;[];[];Joanne Fisher üè≥Ô∏è‚Äçüåà;Christchurch, New Zealand;2872;4029;None;['climat']
1090156783795023872;und;0;True;.@prageru #climatechange https://t.co/N5EngzMJOA;29;1;2019;['climatechange'];['prageru'];Jan Cook;Colorado, USA;536;642;None;['climatechange', 'climat']
1090156679759622144;en;0;True;"How Women¬¥s Expertise Can Be of Value When Tackling Climate Change: https://t.co/lrCrxDw5Kr
#climatechange‚Ä¶ https://t.co/rh3gnoicjc";29;1;2019;['climatechange'];[];AroundOnlineMedia180;Online l Globally l Earth;45079;44614;None;['climatechange', 'climat']
1090156664932782082;et;0;True;"Jali ko aag kehte hai, Bhuji ko raakh kehte hai. Jo coding me ho Ustaad, usse Dashrath kehte hai.

That one thing I‚Ä¶ https://t.co/EGCgicTEt1";29;1;2019;[];[];Urja Communications;Mumbai, India;84;75;None;[]
1090156645001424898;en;0;True;Top ethical holidays https://t.co/NaBjiBCcqQ #ethical #ethics #altruism #holidays #travel #travelling #climatechange #trips #helping #aid;29;1;2019;['ethical', 'ethics', 'altruism', 'holidays', 'travel', 'travelling', 'climatechange', 'trips', 'helping', 'aid'];[];Valentina Russo B;;928;457;None;['climatechange', 'climat']
1090156544853979136;en;0;True;"https://t.co/jLEhmuBnt2

sad to see dead fish....nice to know that at least now rains have started...in front of na‚Ä¶ https://t.co/Psl5LC2ku1";29;1;2019;[];[];Premkumar Vasudevan;chennai;9;16;None;[]
1090156503179423744;en;0;True;"#ClimateChange Projected carbon dioxide levels for 2050 will make staple crops such as rice &amp; wheat nutritiously de‚Ä¶ https://t.co/tHMqZ1vHF4";29;1;2019;['ClimateChange'];[];Charitable Humans;Washington, USA;1218;1531;None;['climatechange', 'climat']
1090156442538201089;en;2;True;The world is your oyster? Not anymore: The world's #shellfish are under threat as our oceans become more acidic‚Ä¶ https://t.co/JAlsiObbwS;29;1;2019;['shellfish'];[];Bryce Stewart;York, UK;5763;3719;None;[]
1090156433079980032;fr;0;True;Avignon : ils ont march√© pour le climat https://t.co/S18ky4Zd9J;29;1;2019;[];[];CERVANTES;AVIGNON;777;1589;None;['climat']
1090156369079164928;und;0;True;#Malta @JoseHerreraMP #sustainability #ecology #climatechange #pollution #extinction https://t.co/xhKoINqwii;29;1;2019;['Malta', 'sustainability', 'ecology', 'climatechange', 'pollution', 'extinction'];['JoseHerreraMP'];David Marinelli;Malta;1073;1665;None;['climatechange', 'climat']
1090156367002906624;fr;0;True;En Guyane, un paysan pr√¥ne l'#agroforesterie, un mod√®le #agricole √©cologique, #bio et innovant qui utilise les plan‚Ä¶ https://t.co/OHRK4zpCpo;29;1;2019;['agroforesterie', 'agricole', 'bio'];[];Alban ‚ö°Ô∏è Duperray;Lyon;589;1743;None;[]
1090156357410582528;en;0;True;"Everyone has a Goal; What‚Äôs Yours? 

The Online Sacco serves different people with different goals. But these goals‚Ä¶ https://t.co/RYsvXa8hlH";29;1;2019;[];[];The Online Sacco;Kenya;57;27;None;[]
1090156340385705985;de;0;True;"Zu viel ""√ñko-Hysterie""? Was man vom #Waldsterben zum #Klimaschutz lernen kann. #Energiewende #climatechange

https://t.co/bUc2KH6ypK";29;1;2019;['Waldsterben', 'Klimaschutz', 'Energiewende', 'climatechange'];[];Stiftung Energie & Klimaschutz;Karlsruhe, Baden-W√ºrttemberg;3431;1789;None;['climatechange', 'climat']
1090156340364877824;fr;0;True;Apr√®s avoir cri√© leurs slogans dans la rue, des repr√©sentants de la coalition climat sont re√ßus par Charles Michel‚Ä¶ https://t.co/NRXGufCiwT;29;1;2019;[];[];VivaCit√© üìª;Pr√®s de chez vous....;34996;847;None;['climat']
1090156301576032257;es;0;True;Nos encanta el  #10yearschallenge que el Museo Nacional del Prado‚Äã ha publicado con retratos de la infanta Margarit‚Ä¶ https://t.co/Yszc3IeALC;29;1;2019;['10yearschallenge'];[];La Imprenta CG;;1526;476;None;['10yearschallenge']
1090156282546393088;ca;0;True;‚è≥‚è∞ Nosaltres, amb els anys, nom√©s millorem üòú Aix√≤ s√≠, la nostra f√≥rmula secreta üî¨ segueix sent la mateixa: fer una‚Ä¶ https://t.co/MPxDJRNVlM;29;1;2019;[];[];Cervesa del Montseny;Catalunya;4863;1785;None;[]
1090156244361347073;en;0;True;Weatherwatch: walls cannot keep out #climatechange https://t.co/b1EgPMzVZi #history;29;1;2019;['climatechange', 'history'];[];KellieTranter;Australia;3693;3436;None;['climatechange', 'climat']
1090156053050871809;fr;1;True;Une nouvelle √©tude confirme le lien entre #climat et migrations, via les s√©cheresses et les conflits.‚Ä¶ https://t.co/Uk9NVvEiwA;29;1;2019;['climat'];[];Thibault Laconde;Paris;3874;570;None;['climat']
1090156026681274368;de;0;True;Die Wahrheit ist unbequem #climatechange @GretaThunberg https://t.co/bGDPUDLPQs;29;1;2019;['climatechange'];['GretaThunberg'];Wolfgang √ñlzant;Graz/Schladming;184;689;None;['climatechange', 'climat']
1090155860133785600;en;0;True;Bluenote creates a decentralized ecosystem which allows building operators around the world to learn from one anoth‚Ä¶ https://t.co/axZigLmuE3;29;1;2019;[];[];Callum Xavier;;800;506;None;[]
1090155848180019201;en;0;True;network that enables building operators to learn from each other how to increase #energyefficiency through distribu‚Ä¶ https://t.co/6OzpXUMIHJ;29;1;2019;['energyefficiency'];[];Kevin Sengupta;Milwaukee, Wisconsin;5174;5497;None;[]
1090155839946743808;en;2;True;The Earth's atmosphere and oceans play important roles in moving heat from one part of the world to another, and ne‚Ä¶ https://t.co/fIAJhE1pEa;29;1;2019;[];[];SEI Climate;Worldwide;34450;1242;None;[]
1090155826533289985;ne;0;True;"‡§ï‡§ï‡•ç‡§∑‡§æ ‡•ß‡•¶ ‡§Æ‡§æ ‡§™‡§¢‡•ç‡§¶‡§æ ‡§ñ‡•á‡§∞‡•Ä ‡§ó‡§æ‡§≤‡§æ‡§Æ‡§æ ‡§è‡§ï ‡§ö‡•Å‡§Æ‡•ç‡§¨‡§® ‡§¶‡§ø‡§è‡§ï‡•Ä ‡§•‡•Ä, ‡§Ü‡§ú ‡§´‡•ã‡§® ‡§ó‡§∞‡•á‡§∞ ‡§§‡§ø‡§Æ‡•Ä ‡§¨‡§æ‡§â ‡§¨‡§®‡•ç‡§¶‡•à ‡§õ‡•å ‡§∞‡•á!
#10yearschallenge üòÇüòÇ";29;1;2019;['10yearschallenge'];[];‡§™‡§®‡•ç‡§°‡§ø‡§§ ‡§¨‡§æ‡§ú‡•á (üïâ);Nepal;10285;4501;None;['10yearschallenge']
1090155813547724800;tr;28;True;2009 yƒ±lƒ±nda 1.34 TL olan dolar kurunun, 2019 yƒ±lƒ±nda 5.33 TL olduƒüunu #BilseniziyiOlur #10YearsChallenge https://t.co/ODVTdfJ3eB;29;1;2019;['BilseniziyiOlur', '10YearsChallenge'];[];Biliyor muydunuz? ¬Æ;ƒ∞stanbul, T√ºrkiye;73665;153;None;['10yearschallenge']
1090155773492191232;en;0;True;Melissa, #Trump is himself powerful coporate and elite. If you were true #Trump would be supporting #climatechange‚Ä¶ https://t.co/k0IB3RxfCe;29;1;2019;['Trump', 'Trump', 'climatechange'];[];Taha;Pakistan;322;397;None;['climatechange', 'climat']
1090155757545361408;fr;0;True;Des rassemblements pour le climat pr√©vus partout en France  via @20minutes , ou sont ils les plus de 2 millions qui ont sign√© la p√©tition ?;29;1;2019;[];['20Minutes'];giraud remy;Poitou-Charentes, France;3;13;None;['climat']
1090155729397469184;fr;1;True;C'est quand m√™me dommage (oserais-je dire scandaleux?) √† l'heure de la mobilit√© propre. Vous vouliez des propositio‚Ä¶ https://t.co/Ys6KcPO4pY;29;1;2019;[];[];La nomade s√©dentaire;Brussels;460;347;None;[]
1090155668189925376;en;2;True;"Megh Pyne Abhiyan &amp; ACWADAM in collaboration with @act_climate supported by  Department of #Environment, Forest &amp; C‚Ä¶ https://t.co/B5S9dZ7KPr";29;1;2019;['Environment'];['act_climate'];Water Vagabond;;1199;1151;None;['climat']
1090155341298446336;en;1;True;"""How young people view our scientific world ‚Äì and our uncertain future"" from The Science Show‚Ä¶ https://t.co/SqRK2KLF2E";29;1;2019;[];[];Olivier Salomon;Courbevoie, France;1207;1104;None;[]
1090155260465827841;tr;0;True;#10yearschallenge g√ºzel bakƒ±≈üü•≥ https://t.co/uVC0i1Kj7D;29;1;2019;['10yearschallenge'];[];seray somuncuoglu;Bilkent √úniversitesi;478;301;None;['10yearschallenge']
1090155222347980800;fr;0;True;Adh√©sions en hausse chez les Jeunes Verts apr√®s les d√©fil√©s pour le #climat. #GretaThunberg #continuerlecombat  https://t.co/OrOMnZKS9W;29;1;2019;['climat', 'GretaThunberg', 'continuerlecombat'];[];Serge gremion;Suisse;1435;1155;None;['climat']
1090155215200894977;fr;0;True;Climat : la justice peut-elle contraindre l‚Äô√âtat √† agir ?  https://t.co/CFVDgigAG3 via @HumaBio;29;1;2019;[];['HumaBio'];HumaBio;France;3178;329;None;['climat']
1090155214655631361;fr;0;True;"J‚Äôai horreur des journ√©es entretiens pour les compagnies a√©riennes, il y a un climat grave tendu &amp; il y a une mauva‚Ä¶ https://t.co/S4JdYaaiiM";29;1;2019;[];[];TwitMaylla;;529;117;None;['climat']
1090155161949880320;en;0;True;"üåø üõë #Brazil‚Äôs new FarRight government may push the #AmazonRainforest to destruction #Bolsonaro

#deforestation‚Ä¶ https://t.co/2X7WU3VJ2B";29;1;2019;['Brazil', 'AmazonRainforest', 'Bolsonaro', 'deforestation'];[];pdjmoo;USA and Global;5140;3754;None;[]
1090155129653714944;en;0;True;"The president has previously claimed his ""very high levels of intelligence"" prevent him from believing in‚Ä¶ https://t.co/mSj0E1i92J";29;1;2019;[];[];Richard Power;San Francisco;1520;1730;None;[]
1090155110360064000;es;0;True;"¬øParanoia o realidad?
 Por qu√© participar en el #10YearsChallenge puede ser peligroso
#privacidad https://t.co/tGZQ7DYooC";29;1;2019;['10YearsChallenge', 'privacidad'];[];didaknet;Bilbao;1881;3640;None;['10yearschallenge']
1090154892423905280;en;0;True;"A call to redesign policy,governance, #business for #sustainability &amp; human existence. ""Vested interests"" cause maj‚Ä¶ https://t.co/kmaeu9hNSo";29;1;2019;['business', 'sustainability'];[];Madhumita Saha;;91;204;None;[]
1090154732532961280;fa;0;True;"ÿ™ÿ∫€å€åÿ±ÿßÿ™ (ÿ≥ŸÇŸÖ) ÿØÿ±ÿ¨Ÿá ÿ≠ÿ±ÿßÿ±ÿ™ ⁄©ÿ¥Ÿàÿ±Ÿáÿß ÿßÿ≤ ÿ≥ÿßŸÑ €±€π€∞€∞ ÿßŸÑ€å €≤€∞€±€∏
#Temperature #ClimateChangeIsReal #ClimateAction‚Ä¶ https://t.co/mYKayOyegx";29;1;2019;['Temperature', 'ClimateChangeIsReal', 'ClimateAction'];[];Haris Sherzad;Kabul, Afghanistan;107;421;None;['climatechange', 'climat']
1090154642468671489;en;1;True;"Why is Arctic Climate Change a Global Problem?
Learn more here: https://t.co/SJMgVOns4K
#climatechange‚Ä¶ https://t.co/EJPXRjHA5b";29;1;2019;['climatechange'];[];GlobalClimateChange‚Ñ¢;Globally l Planet Earth;54759;53871;None;['climatechange', 'climat']
1090154620305985536;fr;0;True;Sanctions apr√®s la gr√®ve √©tudiante pour le climat https://t.co/lJaRDi9saz;29;1;2019;[];[];Alexandre Luy;;9;9;None;['climat']
1090154591352733696;en;0;True;"#10yearchallenge #10yearschallenge 
Journey from 2k09 to 2k19 @ Cuttack, Orissa https://t.co/KxY5C9hquq";29;1;2019;['10yearchallenge', '10yearschallenge'];[];Prasant Yerra;Cuttack, India;317;175;(20.4656, 85.8998);['10yearschallenge']
1090154545991294982;en;0;True;This ICO-project amazed me straight away. The team demonstrated the peak level of professional competence.‚Ä¶ https://t.co/2HJnSuigmX;29;1;2019;[];[];Vitaliy Borzov;;2017;1487;None;[]
1090154474725879808;fr;0;True;Contribuant pour 1% au r√©chauffement mondial (dont transports pour 0,1%), il est grand temps que le pays se r√©veill‚Ä¶ https://t.co/pOul1Kfk84;29;1;2019;[];[];√âric Charuel;Paris;2122;1529;None;[]
1090154463837474816;fr;2;True;Filoche revient. Confond toujours la dictature communiste et le maintien de l‚Äôordre r√©publicain par des forces de l‚Ä¶ https://t.co/68SLNSlf7c;29;1;2019;[];[];Chris Gambo;Terra corsa;783;277;None;[]
1090154418383785984;en;0;True;"What is soil degradation? https://t.co/IhVMx8RHLU
#climatechange #climateaction https://t.co/kbk9toAoN8";29;1;2019;['climatechange', 'climateaction'];[];LeadingWithPassion‚Ñ¢;Globally l Online l Earth;51012;50160;None;['climatechange', 'climat']
1090154417372856320;und;1;True;@#Energy #NuclearPower #FossilFuel #Fracking #HydroPower #RenewableEnergy #GreenEnergy #WindPower #SolarPower‚Ä¶ https://t.co/pfNG6OFc63;29;1;2019;['Energy', 'NuclearPower', 'FossilFuel', 'Fracking', 'HydroPower', 'RenewableEnergy', 'GreenEnergy', 'WindPower', 'SolarPower'];[];ü¶ä Mikofox üçÅ;Last Frontier - North of 61¬∞;87;210;None;[]
1090154389640220672;en;1;True;"Political Target Program 2019-2023 - Greens of Finland: https://t.co/2FHWR3sYNn
#climatechange #climateaction";29;1;2019;['climatechange', 'climateaction'];[];Anne-Maria Yritys;Finland|Europe|Earth|Online;459968;249142;None;['climatechange', 'climat']
1090154358124232706;fr;1;True;La Commission √©pingle plusieurs fois la France sur l‚Äôenvironnement https://t.co/gVbCSzeKzm #environnement‚Ä¶ https://t.co/GfsI4Gpbm6;29;1;2019;['environnement'];[];Sne-FSU Biodiversit√©;;2817;1518;None;[]
1090154345130160134;en;0;True;"After the successful first conference we are announcing ""2nd  World Congress on #ClimateChange"" on September 26-28,‚Ä¶ https://t.co/CF3fRsdS1H";29;1;2019;['ClimateChange'];[];John Karen;Rome, Italy;52;549;None;['climatechange', 'climat']
1090154322569187329;en;0;True;"""What's happened to #globalwarming?"" comments may be incoming as the UK braces for #snow. Here's the difference bet‚Ä¶ https://t.co/aw6cHPD5vP";29;1;2019;['globalwarming', 'snow'];[];dynamicthinking;Hull, England;676;1393;None;[]
1090154243619733504;en;0;True;"great job folks @JustinTrudeau @cafreeland - really smart moves here.

i guess our eminent death by #ClimateChange‚Ä¶ https://t.co/5aGfxTa4Bc";29;1;2019;['ClimateChange'];['JustinTrudeau', 'cafreeland'];Erich Nolan Bertussi @ClearExpanse C/D;Toronto;2020;283;None;['climatechange', 'climat']
1090154119480799232;en;0;True;A strong team is the key to successful business! This project is exactly the structure that combines a brilliant an‚Ä¶ https://t.co/QOL7jzIsLN;29;1;2019;[];[];Nicholas La;;804;517;None;[]
1090154102397517824;en;1;True;"üìç#BEDiplodays

üíô Defending our core values
üåç More international cooperation
üçÉ Attention to #ClimateChange
üôã‚Äç‚ôÄÔ∏è Focu‚Ä¶ https://t.co/mIHvfG6uD5";29;1;2019;['BEDiplodays', 'ClimateChange'];[];Belgium MFA üáßüá™;Brussels;31677;1059;None;['climatechange', 'climat']
1090154097624473601;fr;0;True;Sanctions apr√®s la gr√®ve √©tudiante pour le climat https://t.co/d4VGG7riSS;29;1;2019;[];[];John Mullen;France;506;362;None;['climat']
1090154073012228096;fr;0;True;Ce matin sur @lapremiere, @sthbracke paternaliste avec les √©coliers pour #climat ¬´¬†ils racontent des b√™tises¬†¬ª. Ant‚Ä¶ https://t.co/Mvo0DxtQso;29;1;2019;['climat'];['lapremiere', 'sthbracke'];gregoireb;Brussels, Belgium;3;56;None;['climat']
1090154050841202688;en;0;True;"Raising awareness about real threats of this modern world, like #climatechange &amp; #AirPollution is our responsible.‚Ä¶ https://t.co/iqy0JUsewd";29;1;2019;['climatechange', 'AirPollution'];[];Adam freemotion;Turkey;206;1131;None;['climatechange', 'climat']
1090153867000586240;en;0;True;"Somethings never change...
Like the authentic taste of our Falafel üòç
#10YearsChallenge
#Traditional https://t.co/2yu8sfxrrc";29;1;2019;['10YearsChallenge', 'Traditional'];[];Jedoudna;The Walk, JBR & Media City;259;680;None;['10yearschallenge']
1090153823874600963;pl;0;True;2‚É£0‚É£1‚É£9‚É£ przywita≈Ç nas wyzwaniem pn. #10yearchallange a @NowyMarketing sprawdzi≈Ç przy tej okazji jakie #zmiany zasz‚Ä¶ https://t.co/h1kDEO6HlU;29;1;2019;['10yearchallange', 'zmiany'];['NowyMarketing'];PR w Social Media;Warszawa, Mazowieckie;4846;4843;None;[]
1090153737337929728;en;0;True;Investors should fire directors who fail to act on climate change. ‚Å¶@IIGCCnews‚Å© ‚Å¶@ActOnClimate100‚Å© @ShareActionUK‚Å©‚Ä¶ https://t.co/TmQB5URAno;29;1;2019;[];['IIGCCnews', 'ActOnClimate100', 'ShareActionUK'];Callum Grieve;Brooklyn, NY;1163;625;None;['climat']
1090153683239817216;fr;0;True;On n'arrivera pas √† mobiliser sur le climat si on ne r√©sout pas la question sociale. https://t.co/89JYYNZPqR;29;1;2019;[];[];Patrick SOULIER;France;185;189;None;['climat']
1090153601610199040;ar;0;True;"ÿ£ŸÜÿß ŸÖŸÑÿπÿ®ÿ™ÿ¥ pubg 
Ÿà ŸÖÿπŸÖŸÑÿ™ÿ¥ kiki 
Ÿà ŸÖÿπŸÖŸÑÿ™ÿ¥ musiclly
ŸàŸÑÿß ÿπŸÖŸÑÿ™ ÿ™ÿ≠ÿØŸâ 10yearschallenge 
ÿßŸÜÿß ÿ∑ÿ®ŸäÿπŸä ŸÉÿØÿ© ŸàŸÑÿß ÿßŸäŸá Ÿäÿß ÿ¨ŸÖÿßÿπÿ© ÿ≠ÿØ Ÿäÿ∑ŸÖŸÜŸäü§î";29;1;2019;[];[];prison break_15784;ŸÖÿµÿ±;15;56;None;['10yearschallenge']
1090153600746176512;en;0;True;"Honoured to contribute @ASSARadapt &amp; @Oxfam's experiences on #gender and #climatechange to these essential topics!‚Ä¶ https://t.co/BoXFFxWk3k";29;1;2019;['gender', 'climatechange'];['ASSARadapt', 'Oxfam'];manchu√°n;;370;164;None;['climatechange', 'climat']
1090153589039747072;en;15;True;"Please SIGN and SHARE the petition to save this coral reef!
We have until February 20th to reach 300,000 signatures‚Ä¶ https://t.co/YeFo3terQc";29;1;2019;[];[];Rob Kajiwara;Hawaii / Okinawa;2723;500;None;[]
1090153550657785856;nl;0;True;En zo hebben we de laatste dagen toch iets gehoord dat kan bijdragen tot #climatechange Iets met #redelijkheid Mooi‚Ä¶ https://t.co/be3kjHpyf4;29;1;2019;['climatechange', 'redelijkheid'];[];Jeroen Reygaert;Gent, Belgi√´;1124;575;None;['climatechange', 'climat']
1090153525013819398;fr;1;True;On cherche toujours √† mettre les gens dans des cases. Sachez qu‚Äôil y a un tas de personnes qui sont pr√©occup√©es par‚Ä¶ https://t.co/iMskopDKZS;29;1;2019;[];[];Belge&Brune;Belgique;1349;460;None;[]
1090153423612211200;in;1;True;#10yearschallenge_2009vs2019 ...üòä...Guru Kripaüåπüôè https://t.co/CuOnuAJnZT;29;1;2019;['10yearschallenge_2009vs2019'];[];Swami Advaithananda;Bangalore,India;817;386;None;['10yearschallenge']
1090153316225597441;en;0;True;"The government wants to end the use of coal by 2038. ""Energy companies, labor unions and environmentalists are all‚Ä¶ https://t.co/xi2sqgALZ5";29;1;2019;[];[];John Sears;United Kingdom;1315;1336;None;[]
1090153263104774144;pt;0;True;Olha como a IU mudou de 2009 para 2019...rainha do #10yearschallenge https://t.co/SRJcq49Jhy;29;1;2019;['10yearschallenge'];[];Ulzzang_bee;;29;62;None;['10yearschallenge']
1090153117856030720;fr;0;True;Mobilisation record pour le climat https://t.co/zI3ZaipJWU;29;1;2019;[];[];Dora Doulebov;Nancy, France;921;411;None;['climat']
1090153039019868160;fr;0;True;Climat, ob√©sit√© et d√©nutrition: les trois maux qui menacent l'humanit√© https://t.co/1Ov9Fd3Yjp;29;1;2019;[];[];AzVision FR;;860;330;None;['climat']
1090152896585449473;fr;0;True;Climat : le sursaut vital est engag√© https://t.co/1XojcZaEOF #Climat #Energie #Sant√©;29;1;2019;['Climat', 'Energie', 'Sant√©'];[];Nord Ecologie Conseil;Lille, France;25;10;None;['climat']
1090152887634878465;und;0;True;"10 Years ago : ""‡•©‡•¶ ‡§Æ‡§æ ‡•´ ‡§Æ‡§æ‡§∞‡•ç‡§ï‡§ï‡•ã ‡§¨‡§ø‡§ó‡•É‡§Ø‡•ã ‡§Ø‡§æ‡§∞""
Now: ""‡•©‡•¶ ‡§Æ‡§æ ‡•´ ‡§Æ‡§æ‡§∞‡•ç‡§ï ‡§Æ‡§æ‡§§‡•ç‡§∞ ‡§Æ‡§ø‡§≤‡•ç‡§Ø‡•ã ‡§π‡•ã‡§≤‡§æ""
#10yearschallenge
5th Semester Medicine MCQ
Toughest ever";29;1;2019;['10yearschallenge'];[];Eternal Darkness;unknown;197;300;None;['10yearschallenge']
1090152767606452224;en;2;True;#severeweather #weathermodelling #climatechange #weatherforecasting Official opening of the Regional Training Works‚Ä¶ https://t.co/i3wxvzk5r0;29;1;2019;['severeweather', 'weathermodelling', 'climatechange', 'weatherforecasting'];[];Kenya Met Department;Ngong Road, Nairobi;9938;553;None;['climatechange', 'climat']
1090152705564336128;fr;0;True;"Mdr avec la fum√©e on dirait un super sayan qui rassemble son √©nergie, avant de tirer le coup franc

#Benzema #ol‚Ä¶ https://t.co/lH01PnnLVo";29;1;2019;['Benzema', 'ol'];[];Qawakibüí´;Ile-de-France, France;1379;485;None;[]
1090152690938597376;en;0;True;Brace yourself. Not for cold weather, but for the morons claiming it‚Äôs cold, so global warming isn‚Äôt real.‚Ä¶ https://t.co/4YJ9FQLPQX;29;1;2019;[];[];Jodie in SD;san diego;395;1444;None;[]
1090152677294641153;fr;0;True;Ob√©sit√©, sous-alimentation, climat: trois maux, une m√™me menace I #obesite #climat #sousalimentation #menace‚Ä¶ https://t.co/82UOL3GyBd;29;1;2019;['obesite', 'climat', 'sousalimentation', 'menace'];[];Quotidien Libre üá™üá∫;Paris, France;424;1942;None;['climat']
1090152671749787650;fr;0;True;On devrait donc aussi donner ¬´¬†1¬†¬ª √† tous les politiciens qui ne respectent pas LA r√®gle : la constitution Suisse..‚Ä¶ https://t.co/jXKbMeqKMi;29;1;2019;[];[];Francois Marechal;switzerland;210;164;None;[]
1090152635368460290;en;6;True;"üåé 

This thread deserves some retweets, including from those white man that read #Drawdown, introduce themselves pr‚Ä¶ https://t.co/tA1STQe2tT";29;1;2019;['Drawdown'];[];Alexander Verbeek üåç;Stockholm;186971;92027;None;[]
1090152603491565568;en;0;True;A great read. I‚Äôm really enjoying @comingupcharlie ‚Äòs work #ClimateChange #NewZealand #Environment https://t.co/dskzmoIcMr;29;1;2019;['ClimateChange', 'NewZealand', 'Environment'];['comingupcharlie'];Daniel Collins;New Zealand;60;480;None;['climatechange', 'climat']
1090152593039466496;fr;0;True;Temp√™te Gabriel : 41 d√©partements en vigilance orange pour vents violents, neige-verglas ou avalanches‚Ä¶ https://t.co/iM5aJOL5Gf;29;1;2019;[];[];COVIAUX;france;1794;694;None;[]
1090152592481624064;en;0;True;Climate change push norwegian coast Orcas to follow hearings 300km more north in 20 years. Watershots.  #orca‚Ä¶ https://t.co/Jg2RQ3BHx2;29;1;2019;['orca'];[];Olivier Morin;Paris, France;1233;502;None;['climat']
1090152564656689152;fr;4;True;Nouvel exemple de l'angle mort de la lutte contre le changement climatique qu'est l'amont des √©nergies fossiles : l‚Ä¶ https://t.co/YMVY68FOEG;29;1;2019;[];[];Thibault Laconde;Paris;3874;570;None;['climat']
1090152490157441027;en;0;True;Established in 2004, #LifeCell is India's first and largest stem cell bank enjoying the trust of more than 3,75,000‚Ä¶ https://t.co/nnsKpd53dJ;29;1;2019;['LifeCell'];[];LifeCell International;India;394;28;None;[]
1090152388957216768;fr;0;True;C'est du g√©nie !!! utiliser des terres agricoles pour produire du carburant au lieu d'aliments.. semer,moissonner,r‚Ä¶ https://t.co/HTcEjiy9e0;29;1;2019;[];[];Jiddhou;France;6;33;None;[]
1090152325660987393;fr;0;True;"La chasse au CO2 alli√©e des entreprises?
L‚Äô @OCDE_fr vient d‚Äô√©tablir que le march√© #carbone ne plombe pas leur comp‚Ä¶ https://t.co/Qq3F9wWurz";29;1;2019;['carbone'];['OCDE_fr'];Mireille Lacharme;Paris | Corse | Martinique;1801;1129;None;[]
1090152042570616832;fr;0;True;Climat : le sursaut vital est engag√© https://t.co/1XojcZaEOF #Climat;29;1;2019;['Climat'];[];Nord Ecologie Conseil;Lille, France;25;10;None;['climat']
1090151836076699650;en;0;True;"Quotes 

"" We teach best what we most need to learn! That's why you see people giving you tips on HOW TO MAKE MONEY‚Ä¶ https://t.co/I8s3JrYiEW";29;1;2019;[];[];The Online Sacco;Kenya;57;27;None;[]
1090151810344648704;fr;0;True;Les inscriptions sont ouvertes pour la Semaine africaine du climat √† Accra au Ghana, du 18 au 22 mars, coup d'envoi‚Ä¶ https://t.co/iussSn40LW;29;1;2019;[];[];ONU Climat;Bonn, Allemagne;22088;830;None;['climat']
1090151810029912065;en;0;True;The Business Environment Council says there needs to be done to enhance energy efficiency in buildings in Hong Kong‚Ä¶ https://t.co/gEF1Hr2Kgi;29;1;2019;[];[];ÊíêÈ¶ôÊ∏Ø SupportHK.org;Hong Kong;641;637;None;[]
1090151610465116160;en;2;True;"Why does crisis management ask for facts rather than finding scapegoats?
https://t.co/BV0z52xlXH
#climatechange‚Ä¶ https://t.co/UojGlBwSWM";29;1;2019;['climatechange'];[];GlobalClimateChange‚Ñ¢;Globally l Planet Earth;54759;53871;None;['climatechange', 'climat']
1090151505737314305;en;0;True;Climate Change Is Cooking Salmon in the Pacific Northwest https://t.co/9Q7y9po21r #ClimateChange #fisheries;29;1;2019;['ClimateChange', 'fisheries'];[];Not Rappaport;Eugene, Oregon;1014;980;None;['climatechange', 'climat']
1090151437919604736;en;0;True;#climatechange (the correct term) means #extremeweather either way. Wherever there is extreme weather in one place,‚Ä¶ https://t.co/AzJzf1iveR;29;1;2019;['climatechange', 'extremeweather'];[];sherrie miranda;Chula Vista, CA;24566;31246;None;['climatechange', 'climat']
1090151435809972225;fr;0;True;La Romandie se l√®ve pour son climat ! Excellent #YaLeFeuAuLac #SolutionsFondeesSurlaNature #SfN @JulienSalamandr‚Ä¶ https://t.co/5FFFMrlQSv;29;1;2019;['YaLeFeuAuLac', 'SolutionsFondeesSurlaNature', 'SfN'];['JulienSalamandr'];Olivier Sch√§r;Suisse;45;57;None;['climat']
1090151419217367040;fr;0;True;Ces gens qui comparent les 70k de marcheurs pour le climat en 1j avec 440k de visiteurs du salon de l‚Äôauto en 7j...‚Ä¶ https://t.co/mDcpJqImRy;29;1;2019;[];[];Sandrine Metten;Li√®ge, Belgique;369;254;None;['climat']
1090151328041627648;hi;0;True;"‡§™‡§∞‡•ç‡§Ø‡§æ‡§µ‡§∞‡§£ ‡§≤‡•á‡§ñ (‡§ú‡§≤ ‡§™‡•ç‡§∞‡§¨‡§®‡•ç‡§ß‡§®)

‡§ú‡§≤ ‡§™‡•ç‡§∞‡§¨‡§®‡•ç‡§ß‡§® ‡§ï‡•Ä ‡§™‡§æ‡§∞‡§Æ‡•ç‡§™‡§∞‡§ø‡§ï ‡§§‡§∞‡•Ä‡§ï‡•ã‡§Ç ‡§ï‡•Ä ‡§â‡§™‡•á‡§ï‡•ç‡§∑‡§æ ‡§ï‡•á ‡§™‡§∞‡§ø‡§£‡§æ‡§Æ-Case Studies 

‡§ï‡•ç‡§≤‡§ø‡§ï ‡§ï‡§∞‡•á‡§Ç-‚Ä¶ https://t.co/qgkvYEFquv";29;1;2019;[];[];Civilhindipedia;New Delhi, India;45;291;None;[]
1090151270428614658;en;0;True;Talent: 10 year old Austin Nyamu found his passion in drawing especially in doing portraits and cartoons‚Ä¶ https://t.co/GPmajqY5ve;29;1;2019;[];[];Kenya Climate Change Art and Essay Competition;Nairobi, Kenya;290;215;None;[]
1090151221384622080;fr;0;True;D‚Äôune g√©opolitique du p√©trole √† une g√©opolitique des √©nergies renouvelables #transition #transition√©nerg√©tique‚Ä¶ https://t.co/EdLmODCCak;29;1;2019;['transition', 'transition√©nerg√©tique'];[];AREC Occitanie;TOULOUSE;2524;519;None;[]
1090151181756911617;de;0;True;"#FridaysForFuture #climatechange 

Wer k√§mpft kann verlieren,
wer nicht k√§mpft, hat schon verloren.

Bertolt Brecht https://t.co/vpLzwCeBxE";29;1;2019;['FridaysForFuture', 'climatechange'];[];GR;Es stellt sich die Frage,wie zukunftsf√§hig im Zeitalter des Anthropoz√§n ein Kapitalismus ist,der Individualismus von Verantwortung trennt;191;439;None;['climatechange', 'climat']
1090151074068086784;en;0;True;"Simple swaps towards a sustainable lifestyle. 

#zerowaste #ActOnClimate #OptOutside #Sustainability #sustainable‚Ä¶ https://t.co/y0wvfikmyt";29;1;2019;['zerowaste', 'ActOnClimate', 'OptOutside', 'Sustainability', 'sustainable'];[];Lifestylefood;;415;693;None;['climat']
1090150986134507521;fr;0;True;"Apr√®s eux le d√©luge, la temp√™te, la s√©cheresse...
Greta Thunberg, 16 ans, militante su√©doise pour le climat, aux re‚Ä¶ https://t.co/sdVKS7TsDI";29;1;2019;[];[];Doc Marcel;;36;10;None;['climat']
1090150973933154304;und;0;True;#10yearschallenge üòÇüòú https://t.co/54Wd5rNx8l;29;1;2019;['10yearschallenge'];[];Angel Laxa;Manila;16;75;None;['10yearschallenge']
1090150813480177664;en;3;True;In only 3 days, 5.2 million people have joined the viral #10yearschallenge to share photos showing them as they gro‚Ä¶ https://t.co/7iZ7EJXEBC;29;1;2019;['10yearschallenge'];[];NordVPN;Privacy solutions;20617;3831;None;['10yearschallenge']
1090150777434394624;en;0;True;#Parents around the world choose to have their baby‚Äôs umbilical cord stem cells preserved for potential future use-‚Ä¶ https://t.co/uocMnBbYE4;29;1;2019;['Parents'];[];LifeCell International;India;394;28;None;[]
1090150701601296384;en;2;True;Paleotemperature reconstructions from Greenland and Baffin Island suggests that these landscapes are now ice-free f‚Ä¶ https://t.co/nhcAj9YpHf;29;1;2019;[];[];Peter C. Kj√¶rgaard;Copenhagen;1053;338;None;[]
1090150694861062144;en;0;True;"Raising awareness should be among speakers &amp; host goals. Being aware of the real threats like #climatechange &amp;‚Ä¶ https://t.co/zDmwSCBgsB";29;1;2019;['climatechange'];[];Adam freemotion;Turkey;206;1131;None;['climatechange', 'climat']
1090150525390282753;fr;0;True;Horoscope Sagittaire du Mardi 29 Janvier 2019 Horoscope Sagittaire - Amour Ce climat plan√©taire promet √† de nombreu‚Ä¶ https://t.co/izUIVlI3gx;29;1;2019;[];[];Horoscope Astrologie;France;823;1701;None;['climat']
1090150485905076224;en;1;True;Nature's connect to solve problems of the world is critical deep introspection needed on #climatechange for a happy‚Ä¶ https://t.co/0hvZEQUYPe;29;1;2019;['climatechange'];[];Deepak Dwivedi;New Delhi, India;206;1164;None;['climatechange', 'climat']
1090150441395019776;en;0;True;Climate change is real and I think the answer to it is effective market-based solutions. Not big gov spending. We s‚Ä¶ https://t.co/rpsUspQUjP;29;1;2019;[];[];No Step On Snek;United States;45;108;None;['climat']
1090150415138738177;en;0;True;Everyone can help fight #climatechange from reducing their own personal emissions and carbon footprint.‚Ä¶ https://t.co/NJukmACTg6;29;1;2019;['climatechange'];[];Crypto World;;1308;34;None;['climatechange', 'climat']
1090150356842147840;fr;0;True;"Elle est belle, africaine, naturelle et bien tress√©e 
https://t.co/0ShEnngoS8
#photography #portraitphotography‚Ä¶ https://t.co/RU2Bq7Gt5r";29;1;2019;['photography', 'portraitphotography'];[];Les Clich√©s d'Ulysse üáßüáØ;Montpellier, France;108;281;None;[]
1090150317688156162;en;0;True;The difference between global warming vs climate change can be very confusing. One great resource is @NASA who has‚Ä¶ https://t.co/00coFTsLbZ;29;1;2019;[];['NASA'];Nicole Pyles;Portland, OR;10306;9897;None;['climat']
1090150302966267904;fr;0;True;Tristes nouvelles du #climat https://t.co/heUuoNVxil;29;1;2019;['climat'];[];Sophie MASSIEU perso;Paris et Saint-Malo;486;1214;None;['climat']
1090150262969430016;ru;0;True;–ß—Ç–æ –±—ã–ª–æ 10 –ª–µ—Ç –Ω–∞–∑–∞–¥: –í–æ–ª–≥–æ–≥—Ä–∞–¥, –ø–µ—Ä–≤–∞—è –ø—Ä–æ—Ñ–µ—Å—Å–∏–æ–Ω–∞–ª—å–Ω–∞—è –∫–∞–º–µ—Ä–∞, –æ–¥–∏–Ω–æ—á–Ω—ã–µ –ø—Ä–æ–≥—É–ª–∫–∏ https://t.co/Dz8LOqMo3n #10yearschallenge;29;1;2019;['10yearschallenge'];[];Sasha Savicheva üì∑;Rostov-on-Don;1540;703;None;['10yearschallenge']
1090150199404699648;en;0;True;Laura Kolehmainen .@Ilmastoveivi19 is urging all of us to do more and be leaders both as individuals and as a natio‚Ä¶ https://t.co/Qp7mdUZsFc;29;1;2019;[];['Ilmastoveivi19'];Tiina K√§h√∂;Helsinki Finland;2383;713;None;[]
1090150164336132098;fr;1;True;Apprenez-en davantage sur les nombreuses contributions de BASF √† la cr√©ation de villes plus intelligentes‚Ä¶ https://t.co/pic3HhpeUG;29;1;2019;[];[];BASF France;France;2062;472;None;[]
1090150161114980352;fr;0;True;"#PPE : Une copie √† revoir pour changer de cap #transitionenerg√©tique #climat #climatechange
via @racfrance‚Ä¶ https://t.co/q70k25fbIQ";29;1;2019;['PPE', 'transitionenerg√©tique', 'climat', 'climatechange'];['RACFrance'];AREC Occitanie;TOULOUSE;2524;519;None;['climatechange', 'climat']
1090150132677369857;en;0;True;"""The automatization or the use of the renewable energy will permit us to get a balanced ecosystem. Obviously, this‚Ä¶ https://t.co/lw48R2ikRb";29;1;2019;[];[];Pictorius¬Æ üëë;San Francisco | Vancouver | üá∫üá∏üá®üá¶;5914;987;None;[]
1090150117108338693;fr;0;True;‚ö°Ô∏èüîî#SAVETHEDATE | Retrouvez notre conf√©rence Climate Action le jeudi 31 Janvier 2019  avec la pr√©sence exceptionnel‚Ä¶ https://t.co/dkZSU6YVH6;29;1;2019;['SAVETHEDATE'];[];CPR Asset Management;Paris, France;7812;1366;None;['climat']
1090150059285639169;fr;0;True;Climat : ¬´L'√©cologie ne rime pas avec sacrifice¬ª https://t.co/2hqeyU7vgX #Plan√®te https://t.co/y0jITidVke;29;1;2019;['Plan√®te'];[];L'important;Paris, France;115126;1475;None;['climat']
1090150056156692480;en;0;True;Find out how the Dutch #WaterasLeverage initiative has got resilient cities to rise to the challenge of #water-rela‚Ä¶ https://t.co/mIajJ4tYKm;29;1;2019;['WaterasLeverage', 'water'];[];NL Enterprise Agency;The Hague, The Netherlands;1501;440;None;[]
1090150049751973889;en;0;True;This morning we will take evidence on the effects of #ClimateChange and the #UKaid response to climate-related dama‚Ä¶ https://t.co/GKZhUgTWDv;29;1;2019;['ClimateChange', 'UKaid'];[];International Development Committee;House of Commons;7123;821;None;['climatechange', 'climat']
1090149969238114304;en;0;True;Rep.¬†Alexandria Ocasio-Cortez @AOC and Rep. Chellie Pingree¬†sent a letter¬†to three tech companies decrying their sp‚Ä¶ https://t.co/eb3vXLPnuq;29;1;2019;[];['AOC'];C-Smart Solutions;Boulder, CO;2487;4999;None;[]
1090149920831549441;en;0;True;This is a flawless rebuttal of Globle Worming Thery. #ClimateChange https://t.co/PyFCGl1pEN;29;1;2019;['ClimateChange'];[];Mark;Intellectual-lite web;281;1844;None;['climatechange', 'climat']
1090149871682813952;en;1;True;Last and final call to save the planet and make it sustainable. #ClimateChange #ExistentialCrisis https://t.co/QJYuzFHsyp;29;1;2019;['ClimateChange', 'ExistentialCrisis'];[];Abdur Rahman;University of Cambridge;1003;917;None;['climatechange', 'climat']
1090149870579650560;en;0;True;"See The death of UK coal in five charts:
""The United Kingdom was one of the world's earliest adopters of coal. Once‚Ä¶ https://t.co/PneUdel1Pt";29;1;2019;[];[];wearefuturebuilders;;229;755;None;[]
1090149868335759360;und;0;True;#10yearschallenge https://t.co/IkdUhoF52z;29;1;2019;['10yearschallenge'];[];Emmanuella Nwulu;Lagos state. Nigeria;91;101;None;['10yearschallenge']
1090149845023711232;en;1;True;All partners around the world through their subsidiaries are already investing directly in the platform and are usi‚Ä¶ https://t.co/KmgTxp35r2;29;1;2019;[];[];Grania Zachary;;790;515;None;[]
1090149732176015360;en;0;True;What did I tell you?! I said that as soon as the temperature dropped, #SCPOTUS @realdonaldtrump would make an ignor‚Ä¶ https://t.co/5pOIl87KaR;29;1;2019;['SCPOTUS'];['realDonaldTrump'];John Zajaros (Jack);Cleveland, Ohio;36374;40906;None;[]
1090149721635729408;fr;0;True;"#Justriahd ""fais pas la business girl.. tu annonces juste des sons a la radio.. Prochain son #maitregims Bella"" üòÇüòÇ‚Ä¶ https://t.co/CupWK42HEQ";29;1;2019;['Justriahd', 'maitregims'];[];vedi;;81;256;None;[]
1090149660461690880;en;0;True;'analysis, on 50 Australian patients, also found that OCD themes related to fears of #ClimateChange increased in li‚Ä¶ https://t.co/s0bH9YN0X8;29;1;2019;['ClimateChange'];[];Father Slate;Canberra, Australia;186;216;None;['climatechange', 'climat']
1090149650802167808;en;0;True;There is nothing more dangerous to Society than trying to solve a physics science issue such as #ClimateChange thro‚Ä¶ https://t.co/TG2o6sr7V9;29;1;2019;['ClimateChange'];[];Gill Raker;Nogales, Arizona;289;189;None;['climatechange', 'climat']
1090149589154451456;en;1;True;"Why are trees and forests so important? Learn more here: 
https://t.co/MPVLDEnDkE
#climatechange #climateaction https://t.co/nB80VL5Vjg";29;1;2019;['climatechange', 'climateaction'];[];Anne-Maria Yritys;Finland|Europe|Earth|Online;459968;249142;None;['climatechange', 'climat']
1090149586751115265;und;2;True;#CANDLE_6PM #CANDLE_6PM #climatechange #PlaceTechLive #JelRiLangTayo #KISSESxPALMOLIVEwhite #IbaAngNatural‚Ä¶ https://t.co/J5aZ6LvcXM;29;1;2019;['CANDLE_6PM', 'CANDLE_6PM', 'climatechange', 'PlaceTechLive', 'JelRiLangTayo', 'KISSESxPALMOLIVEwhite', 'IbaAngNatural'];[];Kristen;;0;0;None;['climatechange', 'climat']
1090149584364597248;en;0;True;"The #president has previously claimed his ""very high levels of intelligence"" prevent him from believing in‚Ä¶ https://t.co/lpJTXFVaag";29;1;2019;['president'];[];Dr.Axel R√∂pke;hamburg;387;268;None;[]
1090149459248467968;fr;0;True;Greta Thunberg sur le climat : ¬´Je ne veux pas de votre espoir, je veux que vous paniquiez¬ª ThePOSITIVR https://t.co/0M3Oznf1xd;29;1;2019;[];[];revue de presse 3.Œ¶;R√©gion centre, Orl√©ans;2422;4545;None;['climat']
1090149402302472192;en;0;True;"52 coal mines opened in 5 years to fuel power drive (#India)
https://t.co/b3noGspqdm

#coal #mining #climatechange‚Ä¶ https://t.co/xvgp9pJ15W";29;1;2019;['India', 'coal', 'mining', 'climatechange'];[];IndustryAbout.com;Global;7858;6839;None;['climatechange', 'climat']
1090149349571653632;en;0;True;Everyone can help fight #climatechange from reducing their own personal emissions and carbon footprint.‚Ä¶ https://t.co/kxeO9nDHb3;29;1;2019;['climatechange'];[];CLIMATECOIN‚Ñ¢;Espa√±a;3427;4999;None;['climatechange', 'climat']
1090149255480778752;en;0;True;"IT industry has strong potential to change the world to a better place to be; If you're going to @CiscoLiveEurope‚Ä¶ https://t.co/jWfUkydFMh";29;1;2019;[];['CiscoLiveEurope'];Adam freemotion;Turkey;206;1131;None;[]
1090148806790991872;en;1;True;#Plants are humanity‚Äôs greatest ally in the fight against #ClimateChange. The more trees #Humans plant, the less he‚Ä¶ https://t.co/9Tbm6ymruN;29;1;2019;['Plants', 'ClimateChange', 'Humans'];[];London Gardens;London UK;21885;22197;None;['climatechange', 'climat']
1090148790483410945;en;0;True;The College of Science and Engineering at #HBKU recently hosted Massachusetts Institute of Technology professor Elf‚Ä¶ https://t.co/2yQPTgvza2;29;1;2019;['HBKU'];[];The Peninsula;Qatar;27330;205;None;[]
1090148620039528448;fr;0;True;Neige et changement climatique : connaissez-vous la diff√©rence entre m√©t√©o et climat ? https://t.co/3VhmSLOuaJ https://t.co/TMa3weNLr4;29;1;2019;[];[];InfoDuJour;;96;545;None;['climat']
1090148594420727808;en;0;True;"Why is the Melting of Arctic Sea Ice Dangerous? Learn more here: https://t.co/apQt3p4IX3
#climatechange‚Ä¶ https://t.co/7fHTZTtGx3";29;1;2019;['climatechange'];[];GlobalClimateChange‚Ñ¢;Globally l Planet Earth;54759;53871;None;['climatechange', 'climat']
1090148585960747008;en;1;True;Another really excellent piece from @comingupcharlie on #climatechange and Council responsibilities to ratepayers https://t.co/oSOYyw55rP;29;1;2019;['climatechange'];['comingupcharlie'];James Renwick;Kapiti Coast, New Zealand;2076;1090;None;['climatechange', 'climat']
1090148509268017152;und;0;True;#10YearChallenge #10yearschallenge https://t.co/mfMmK3eEaB;29;1;2019;['10YearChallenge', '10yearschallenge'];[];Taw;Agadir, Reino de Marruecos;209;190;None;['10yearschallenge']
1090148500694880257;fr;1;True;"Anuna De Wever, l‚Äôactiviste pour le climat qui ne veut √™tre ""ni fille, ni gar√ßon"".""J‚Äôai dit: ‚ÄòFuck you‚Äô vous et vos‚Ä¶ https://t.co/ANwwWixWcg";29;1;2019;[];[];bosco d'otreppe;Bruxelles;1583;2141;None;['climat']
1090148470651060224;fr;0;True;Prenez le temps de lire cet article, prenez le temps d'avoir peur et prenez le temps d'agir en gardant la t√™te froi‚Ä¶ https://t.co/3G6vjxUWX9;29;1;2019;[];[];Chambres d'hotes Var;Provence Var France;135;98;None;[]
1090148395044474881;en;0;True;"Please think of keeping the earth clean &amp; #green. Bring your reusable bottles with you to @CiscoLiveEurope #CLEUR.‚Ä¶ https://t.co/7ZtsOyXqL5";29;1;2019;['green', 'CLEUR'];['CiscoLiveEurope'];Adam freemotion;Turkey;206;1131;None;[]
1090148335145664513;es;0;True;Hoy en Murcia capital, las 100.000 bolsas llenas de envases que tiraremos a la basura procedentes del super , m√°s e‚Ä¶ https://t.co/cZhc7TKsFj;29;1;2019;[];[];Foodtop√≠a;Spain;1899;1641;None;[]
1090148278166061056;en;1;True;‚ÄúCapacity strengthening of local communities to manage water resources and resolve water related conflicts and sub-‚Ä¶ https://t.co/m4KyCLP59e;29;1;2019;[];[];Wetlands International Eastern Africa;;2961;343;None;[]
1090148106157596672;en;0;True;#Er√§tauko discussion kicking-off at @SmartClean_Fi @SitraFund Who should do more to mitigate #climatechange https://t.co/PjqXDnYVem;29;1;2019;['Er√§tauko', 'climatechange'];['SmartClean_Fi', 'SitraFund'];AnneRaudaskoski;Helsinki;1439;1787;None;['climatechange', 'climat']
1090148105893367808;en;0;True;"Investors should fire directors who fail to act on climate change via @FT #climatechange
 https://t.co/FTmhzpGkX6";29;1;2019;['climatechange'];['FT'];Mary Goudie;London;5700;1489;None;['climatechange', 'climat']
1090148103351664640;fr;0;True;Encore un abus d'autorit√©. Le gars √©tait dans le train, qui avait √©t√© d√©class√© par l'accompagnatrice. Il pouvait do‚Ä¶ https://t.co/gQGnaBx5G7;29;1;2019;[];[];Anne L√∂wenthal;Belgique;3721;759;None;[]
1090148019603943425;en;0;True;#ClimateChange in the #WhiteHouse ? https://t.co/jufhvQEyZo;29;1;2019;['ClimateChange', 'WhiteHouse'];[];GerResist;World;936;2317;None;['climatechange', 'climat']
1090148016265285632;fr;1;True;Un message de notre Ambassadrice climat @FullerPatriciaM https://t.co/bIq7N8kgEP;29;1;2019;[];['FullerPatriciaM'];vincent klassen;Paris, France;536;477;None;['climat']
1090147947545808896;en;0;True;"""Climate change is a slope. We can ease¬†our descent. But we don‚Äôt think about it this way.""
Wir verbocken es derzei‚Ä¶ https://t.co/Zd1i1ElfE4";29;1;2019;[];[];Dr. Katharina Weiss;;162;565;None;['climat']
1090147919553024000;fr;0;True;C'est nul cette sortie. Il y a vraiment beaucoup plus urgent √† faire pour le ministre du climat https://t.co/Ww4kBdQIoq;29;1;2019;[];[];Philippe Henry;;2675;785;None;['climat']
1090147692859281408;fr;0;True;Mais non ... Il vaut mieux faire perdurer un climat de peur et de tension qui fait que personne ne tente rien  ...‚Ä¶ https://t.co/VtCudOaGLq;29;1;2019;[];[];Damien NICOLAS;76 FR;291;354;None;['climat']
1090147651021099008;und;1;True;"Lakes are shedding winter ice at record pace 
#climatechange https://t.co/aYeqYO7JL8 ŒºŒ≠œÉœâ œÑŒøœÖ œáœÅŒÆœÉœÑŒ∑ @NatGeo";29;1;2019;['climatechange'];['NatGeo'];Œ†ŒüŒõŒ•ŒíŒôŒüŒ£;ŒëœÑœÑŒπŒ∫ŒÆ, ŒïŒªŒªŒ¨œÇ;241;366;None;['climatechange', 'climat']
1090147562819067905;fr;0;True;Propos affligeants de Siegfried Bracke (N-VA), pr√©sident de la Chambre, sur @lapremiere : ¬´ Il ne faut pas se moque‚Ä¶ https://t.co/MbI2v6TGqb;29;1;2019;[];['lapremiere'];Luk«ù TŒ±mb«ùur üîª;Bruxelles;192;394;None;[]
1090147517415620608;en;1;True;#obesity #malnutrition #climatechange #bigfood growth-focused sector that gorges populations on empty calories whil‚Ä¶ https://t.co/6i28Mqp7bQ;29;1;2019;['obesity', 'malnutrition', 'climatechange', 'bigfood'];[];parakh hoon;United States;244;1396;None;['climatechange', 'climat']
1090147460180254721;en;0;True;Who Is Your Ideal Financial Partner What traits would you expect your ideal financial partner to have? Make sure yo‚Ä¶ https://t.co/gzbhjucFu3;29;1;2019;[];[];The Online Sacco;Kenya;57;27;None;[]
1090147426290356224;fr;0;True;La seule diff√©rence entre ici et l'enfer c'est le climat;29;1;2019;[];[];Hugo;;184;167;None;['climat']
1090147306610085888;en;3;True;"Scientists say humans have wiped out 60% of #wildlife in less than 50 years.
#extinction #climatechange‚Ä¶ https://t.co/VrmgGR4ZVd";29;1;2019;['wildlife', 'extinction', 'climatechange'];[];wild nature;New Jersey, USA;736;707;None;['climatechange', 'climat']
1090147295092506625;en;2;True;Meta-analysis examines what motivates people to reduce negative impacts of #climatechange. Strong predictors of‚Ä¶ https://t.co/QsyF6FIRsY;29;1;2019;['climatechange'];[];Adrian Br√ºgger;Bern, Schweiz;242;54;None;['climatechange', 'climat']
1090147292571729920;fr;0;True;La malbouffe et le multinationales de l'alimentaire sont responsables de d√©truire notre sant√© et notre plan√®te. Des‚Ä¶ https://t.co/FBSSznUlpO;29;1;2019;[];[];Nicolas Gutierrez PhD;France;130;197;None;[]
1090147275177934848;en;0;True;#climatechange Summary of Solutions by Overall Rank | Drawdown https://t.co/0D3uthhSc1;29;1;2019;['climatechange'];[];Dr Gillian O'Reilly;Southampton, UK;200;552;None;['climatechange', 'climat']
1090147236028301312;ar;0;True;"ÿßÿ≥ŸÖÿßÿπŸäŸÑ ÿπÿ®ÿßÿ≥
ŸÅŸä Ÿ¢Ÿ†Ÿ†Ÿ© ŸÉÿßŸÜ ŸäÿπŸÖŸÑ ÿ≠ŸÖÿßŸÑÿß ŸÅŸä ÿßŸÑŸÖŸÇÿßŸàŸÑÿßÿ™. Ÿàÿ®ÿπÿØ ÿßŸÜ ÿßÿÆÿ∞ ÿ¥ŸáÿßÿØÿ™Ÿá ŸÅŸä ÿßŸÑŸÖÿ≠ÿßÿ≥ÿ®Ÿá ÿ®ÿØÿ£ ÿßŸÑÿ≥ŸÑŸÖ ŸÖŸÜ ÿßŸàŸÑ ÿÆÿ∑Ÿàÿ© ÿ≠ÿ™Ÿâ ŸàÿµŸÑ ÿßŸÑŸâ‚Ä¶ https://t.co/IyiCocHnmE";29;1;2019;[];[];ÿ™ÿ±ŸÉŸä ÿßŸÑÿØŸáÿßŸÖ;Riyadh, Saudi Arabia;3593;457;None;[]
1090147181758042113;en;0;True;The Bluenote protocol creates the foundation for an ecosystem of distributed data collection and processing, furthe‚Ä¶ https://t.co/vYEor4hXxx;29;1;2019;[];[];Elsie Patrick;;674;825;None;[]
1090147016221569024;fr;0;True;#Climat - Selon les autorit√©s, les sinistres caus√©s par les incendies de for√™t californiens de novembre en‚Ä¶ https://t.co/2tirxxoZ2N;29;1;2019;['Climat'];[];NTInfoMonde;#Liban ;474;2570;None;['climat']
1090146969887027201;en;0;True;Here is World Leader (?) #Trump #POTUS45 (sorry...) again showing us the limitations of his small mind (...edness?)‚Ä¶ https://t.co/27mfqaCIcF;29;1;2019;['Trump', 'POTUS45'];[];Jahof;San Diego;81;129;None;[]
1090146956998074368;it;0;True;"""Quanta natura abbiamo distrutto in 10 anni"", #10yearschallenge guarda all'ambiente https://t.co/BAzuMAYa8f";29;1;2019;['10yearschallenge'];[];Dino Sabatasso;Orta di Atella;87;293;None;['10yearschallenge']
1090146952862289920;en;0;True;#PolarVortex to Grip Midwest With Most Extreme #Cold in a Generation. (scientists are not sure why, but some suspec‚Ä¶ https://t.co/ry9wkWmP3W;29;1;2019;['PolarVortex', 'Cold'];[];rosemary eng;United States;54;44;None;[]
1090146708997103616;en;1;True;"Looking forward to constitutional reform by looking back at Uluru, on Inside Story 
#AboriginalTalk #ularuStatement‚Ä¶ https://t.co/nOrz36WjhO";29;1;2019;['AboriginalTalk', 'ularuStatement'];[];ODDemocracy AU;;10272;11224;None;[]
1090146678638895104;en;1;True;This is what happens when you confront Billionaires at #Davos with some cold hard facts about #taxavoidance and‚Ä¶ https://t.co/5K0Z0XOU18;29;1;2019;['Davos', 'taxavoidance'];[];graeme murray;Redhill, South East;220;478;None;[]
1090146568072761344;fr;4;True;Greta Thunberg sur le climat : ¬´Je ne veux pas de votre espoir, je veux que vous paniquiez¬ª https://t.co/IGO5mC8Sem‚Ä¶ https://t.co/uuIwyxv9zV;29;1;2019;[];[];L'important;Paris, France;115126;1475;None;['climat']
1090146539647971328;fr;1;True;Marche pour le climat: les jeunes ont-ils r√©ellement conscience des enjeux? Le succ√®s des manifestations en faveur‚Ä¶ https://t.co/NpGVcJQ75r;29;1;2019;[];[];Veille infopol üáßüá™;Bloqu√© par Th√©o Francken ;3632;1969;None;['climat']
1090146508501061634;fr;2;True;"Le #Loiret plac√© en #vigilanceOrange √† partir de ce mardi soir, en raison de fortes chutes de neige : ""il sera tr√®s‚Ä¶ https://t.co/6bTzQtcXch";29;1;2019;['Loiret', 'vigilanceOrange'];[];France Bleu Orleans;Orl√©ans, Loiret;7560;426;None;[]
1090146467602411520;fr;0;True;On nous bassine avec le r√©chauffement climatique, mais ici sur la C√¥te d'Azur il g√®le jusqu'au plages √† l'heure de‚Ä¶ https://t.co/KgISTL3aae;29;1;2019;[];[];Olivier Bowman;Allier, Auvergne;5598;1381;None;['climat']
1090146444273700864;en;0;True;Dear @kamalaharris: greetings and support from the Old Continent! Please, let History remember you for your relentl‚Ä¶ https://t.co/ljqqCdiJm5;29;1;2019;[];['KamalaHarris'];Macha B;;83;279;None;[]
1090146419950931968;en;0;True;Trump seems to think he knows more than 98% of the world's scientists, yet he can't tell the difference between cli‚Ä¶ https://t.co/jxDru0ZruT;29;1;2019;[];[];Judy Schultz;Buffalo, NY;476;528;None;[]
1090146337272811520;en;0;True;The cost of failure to act on #ClimateChange https://t.co/AXMhR3Gxqx;29;1;2019;['ClimateChange'];[];Laurel L. Russwurm;Canada;2025;1727;None;['climatechange', 'climat']
1090146283040301056;en;0;True;Obesity, nutrition, #climatechange pose triple danger: Daily Sabah https://t.co/bM0LPNvrCm #environment | More w/ E‚Ä¶ https://t.co/Hczrt1Yz1a;29;1;2019;['climatechange', 'environment'];[];EcoInternet;Earth;18439;13270;None;['climatechange', 'climat']
1090146152861831169;en;0;True;‚ÄúHe is courageous who endures and fears the right thing, for the right motive, in the right way and at the right ti‚Ä¶ https://t.co/IG6CU2IExA;29;1;2019;[];[];yolanda regodon;Europe,Spain, Madrid, C√°ceres;1337;1181;None;[]
1090146126735405056;en;0;True;Not the most receptive of interviewers on good ole @NewsTalkZB #climatechange https://t.co/OKENRuzfqK;29;1;2019;['climatechange'];['NewstalkZB'];James Renwick;Kapiti Coast, New Zealand;2076;1090;None;['climatechange', 'climat']
1090146031805829120;fr;2;True;Apr√®s les manifestations pour le climat, les Jeunes Verts enregistrent une hausse d'inscriptions de nouveaux membre‚Ä¶ https://t.co/qNozdQP9pC;29;1;2019;[];[];RTSinfo;Gen√®ve et Lausanne, Suisse;127264;360;None;['climat']
1090145899622346752;fr;0;True;"Greta Thunberg √† Davos : ""Je veux que vous paniquiez."" https://t.co/TBRKngAE89 via @ThePOSITIVR #climat #change #true";29;1;2019;['climat', 'change', 'true'];['ThePOSITIVR'];spoonconcept;;39;137;None;['climat']
1090145881146290178;en;0;True;"Powerful Then!! Invisible Now!!
#10YearsChallenge #YamahaR15 https://t.co/WgrRNThHm4";29;1;2019;['10YearsChallenge', 'YamahaR15'];[];sampathraj motors yamaha;Tiruvallur, India;0;10;None;['10yearschallenge']
1090145854072094722;en;0;True;Bluenote is launching a decentralized network that enables building operators to learn from each other how to incre‚Ä¶ https://t.co/ITHzAccli9;29;1;2019;[];[];ngo kien;;700;856;None;[]
1090145798422056960;en;0;True;the global economy to double by 2040 with only a marginal increase in energy demand.   #blockchain #Bluenote‚Ä¶ https://t.co/yr709wV1AL;29;1;2019;['blockchain', 'Bluenote'];[];David Hooper;Wichita, Kansas;6572;7126;None;[]
1090145786317418496;es;0;True;As√≠ cambiaron Margarita de Austria o Carlos II: #10yearsChallenge en el @museodelprado https://t.co/Sn4F2E6H3Y;29;1;2019;['10yearsChallenge'];['museodelprado'];Juanjo Pastor;;773;239;None;['10yearschallenge']
1090145735872598016;und;0;True;https://t.co/G9IkKyxby7;29;1;2019;[];[];KilWaw;Moselle, Lorraine;137;167;None;[]
1090145685578633217;fr;0;True;Et c'est un NVA orf√®vre en la mati√®re qui nous le dit ! #climatechange https://t.co/maZ4dmow8i;29;1;2019;['climatechange'];[];Deli√®ge J.-Fr√©d√©rick;Li√®ge;301;412;None;['climatechange', 'climat']
1090145572680548352;en;0;True;"NGO¬¥s Cooperating To Tackle Climate Change: https://t.co/nP2Noj6pik
#climatechange #climateaction https://t.co/8NY2dddfyv";29;1;2019;['climatechange', 'climateaction'];[];GlobalClimateChange‚Ñ¢;Globally l Planet Earth;54759;53871;None;['climatechange', 'climat']
1090145494985293824;en;0;True;"üå± #Climatechange | Did you know that #Education of young generations is strictly related to climate change? 
Discov‚Ä¶ https://t.co/2wV0yWizT3";29;1;2019;['Climatechange', 'Education'];[];sassi amel;Paris, France;8;75;None;['climatechange', 'climat']
1090145315208998912;fr;0;True;Clair et pr√©cis ! #manif #etudiants #liege #climat #saintbar https://t.co/St7hdxcYzD;29;1;2019;['manif', 'etudiants', 'liege', 'climat', 'saintbar'];[];Les Routes des Loci;Juprelle, Belgique;283;350;None;['climat']
1090145167628226560;fr;0;True;J‚Äôai jur√© yema la seul diff√©rence entre ici et l‚Äôenfer c‚Äôest le climat;29;1;2019;[];[];la moula d‚Äôain sefra;Lens, France;146;95;None;['climat']
1090145117443375104;es;0;True;"¬øQuieres ver c√≥mo han cambiado nuestros coches en los √∫ltimos 10 a√±os? 
üëÄEcha un vistazo a la Clase A!‚Ä¶ https://t.co/0fwCYyjPO1";29;1;2019;[];[];Automocion del Oeste;Extremadura;578;793;None;[]
1090145112095707137;es;0;True;"¬øQuieres ver c√≥mo han cambiado nuestros coches en los √∫ltimos 10 a√±os? 
üëÄEcha un vistazo a la Clase A!‚Ä¶ https://t.co/xtvfKEXKZQ";29;1;2019;[];[];Automocion del Oeste;Extremadura;578;793;None;[]
1090145105925808128;es;0;True;"¬øQuieres ver c√≥mo han cambiado nuestros coches en los √∫ltimos 10 a√±os? 
üëÄEcha un vistazo a la Clase A!‚Ä¶ https://t.co/j8ct8Q3Way";29;1;2019;[];[];Automocion del Oeste;Extremadura;578;793;None;[]
1090145057955594240;en;0;True;I'd like to propose my own motion for today, not new I know but let's #Recindarticle50 #StopBrexit and concentrate‚Ä¶ https://t.co/y1Ym0YGa7t;29;1;2019;['Recindarticle50', 'StopBrexit'];[];Bruce Tomalin;Poole, England;241;491;None;[]
1090145039752331265;en;1;True;A Revision of Future Climate Change Trends https://t.co/r5kDnVBlcd #climatechange https://t.co/9ByAxp55A4;29;1;2019;['climatechange'];[];Global Research;Montreal, Canada;32330;60;None;['climatechange', 'climat']
1090145020999540736;fr;1;True;Le #GlobalRiskReport publi√© pour le sommet de #Davos affirme que les risques environnementaux figurent parmi les me‚Ä¶ https://t.co/KPNBcCuJEo;29;1;2019;['GlobalRiskReport', 'Davos'];[];Agence Paris Climat;Paris;6250;1055;None;[]
1090144993778511872;fr;0;True;"Ah les paradoxes de la langue fran√ßaise: ""Sans doute"", selon les cas, veut dire ""sans aucun doute"" ou ""peut-√™tre""..‚Ä¶ https://t.co/7hm5ReGmqN";29;1;2019;[];[];Beno√Æt Dmz;Namur, Belgique;1243;1953;None;[]
1090144891190038528;en;0;True;"""In Alshaya Enterprises, our employees have the freedom to contribute their ingenuity, and passion for excellence"".‚Ä¶ https://t.co/jUaeprEY2l";29;1;2019;[];[];Alshaya Enterprises;Al Shuwaikh Industrial, Kuwait;148;9;None;[]
